{"cameraMode":{"drawMode":0,"name":"Shaded","section":"Shading Mode"},"sceneLighting":true,"audioPlay":false,"sceneViewState":{"m_AlwaysRefresh":true,"showFog":true,"showSkybox":true,"showFlares":true,"showImageEffects":true,"showParticleSystems":true,"showVisualEffectGraphs":true,"m_FxEnabled":true},"in2DMode":false,"pivot":{"x":-94.60936737060547,"y":-13.379705429077149,"z":-20.431386947631837},"rotation":{"x":-0.038006044924259189,"y":0.7752867937088013,"z":-0.04678886756300926,"w":-0.6289253830909729},"size":51.76432418823242,"orthographic":false}